{
    "$schema": "https://schema.management.azure.com/schemas/2015-01-01/deploymentTemplate.json",
    "contentVersion": "1.0.0.0",
    "parameters": {
        "vmSku": {
            "defaultValue": "Standard_A1_v2",
            "type": "String",
            "metadata": {
                "description": "Size of VMs in the VM Scale Set."
            }
        },
        "ubuntuOSVersion": {
            "defaultValue": "18.04-LTS",
            "allowedValues": [
                "18.04-LTS",
                "16.04-LTS"
            ],
            "type": "String",
            "metadata": {
                "description": "The Ubuntu version for the VM. This will pick a fully patched image of this given Ubuntu version. Allowed values are: 18.04-LTS, 16.04-LTS."
            }
        },
        "vmssName": {
            "maxLength": 61,
            "type": "String",
            "metadata": {
                "description": "String used as a base for naming resources (9 characters or less). A hash is prepended to this string for some resources, and resource-specific information is appended."
            }
        },
        "instanceCount": {
            "maxValue": 100,
            "type": "Int",
            "metadata": {
                "description": "Number of VM instances (100 or less)."
            }
        },
        "adminUsername": {
            "type": "String",
            "metadata": {
                "description": "Admin username on all VMs."
            }
        },
        "adminPassword": {
            "type": "SecureString",
            "metadata": {
                "description": "Admin password on all VMs."
            }
        },
        "location": {
            "defaultValue": "[resourceGroup().location]",
            "type": "String",
            "metadata": {
                "description": "Location for all resources."
            }
        }
    },
    "variables": {
        "namingInfix": "[toLower(substring(concat(parameters('vmssName'), uniqueString(resourceGroup().id)), 0, 9))]",
        "newStorageAccountSuffix": "[concat(variables('namingInfix'), 'sa')]",
        "longNamingInfix": "[toLower(parameters('vmssName'))]",
        "jumpBoxName": "[concat(variables('namingInfix'), 'jbox')]",
        "jumpBoxSAName": "[concat(uniqueString(concat(resourceGroup().id, variables('newStorageAccountSuffix'), 'jumpboxsa')), 'jb')]",
        "jumpBoxOSDiskName": "[concat(variables('jumpBoxName'), 'osdisk')]",
        "jumpBoxVHDContainerName": "[concat(variables('jumpBoxName'), 'vhd')]",
        "jumpBoxIPConfigName": "[concat(variables('jumpBoxName'), 'ipconfig')]",
        "jumpBoxNicName": "[concat(variables('jumpBoxName'), 'nic')]",
        "storageAccountType": "Standard_LRS",
        "addressPrefix": "10.0.0.0/16",
        "subnetPrefix": "10.0.0.0/24",
        "virtualNetworkName": "[concat(variables('namingInfix'), 'vnet')]",
        "subnetName": "[concat(variables('namingInfix'), 'subnet')]",
        "subnetRef": "[resourceId('Microsoft.Network/virtualNetworks/subnets', variables('virtualNetworkName'), variables('subnetName'))]",
        "publicIPAddressName": "[concat(variables('namingInfix'), 'pip')]",
        "loadBalancerName": "[concat(variables('namingInfix'), 'lb')]",
        "lbID": "[resourceId('Microsoft.Network/loadBalancers',variables('loadBalancerName'))]",
        "natPoolName": "[concat(variables('namingInfix'), 'natpool')]",
        "bePoolName": "[concat(variables('namingInfix'), 'bepool')]",
        "natStartPort": 50000,
        "natEndPort": 50119,
        "natBackendPort": 22,
        "nicName": "[concat(variables('namingInfix'), 'nic')]",
        "ipConfigName": "[concat(variables('namingInfix'), 'ipconfig')]",
        "frontEndIPConfigID": "[concat(variables('lbID'),'/frontendIPConfigurations/loadBalancerFrontEnd')]",
        "osType": {
            "publisher": "Canonical",
            "offer": "UbuntuServer",
            "sku": "[parameters('ubuntuOSVersion')]",
            "version": "latest"
        },
        "imageReference": "[variables('osType')]"
    },
    "resources": [
        {
            "type": "Microsoft.Network/virtualNetworks",
            "name": "[variables('virtualNetworkName')]",
            "apiVersion": "2018-04-01",
            "location": "[parameters('location')]",
            "properties": {
                "addressSpace": {
                    "addressPrefixes": [
                        "[variables('addressPrefix')]"
                    ]
                },
                "subnets": [
                    {
                        "name": "[variables('subnetName')]",
                        "properties": {
                            "addressPrefix": "[variables('subnetPrefix')]"
                        }
                    }
                ]
            }
        },
        {
            "type": "Microsoft.Storage/storageAccounts",
            "sku": {
                "name": "[variables('storageAccountType')]"
            },
            "kind": "Storage",
            "name": "[variables('jumpBoxSAName')]",
            "apiVersion": "2018-02-01",
            "location": "[parameters('location')]"
        },
        {
            "type": "Microsoft.Network/networkInterfaces",
            "name": "[variables('jumpBoxNicName')]",
            "apiVersion": "2018-06-01",
            "location": "[parameters('location')]",
            "properties": {
                "ipConfigurations": [
                    {
                        "name": "[variables('jumpBoxIPConfigName')]",
                        "properties": {
                            "privateIPAllocationMethod": "Dynamic",
                            "publicIPAddress": {
                                "id": "[resourceId('Microsoft.Network/publicIPAddresses',variables('publicIPAddressName'))]"
                            },
                            "subnet": {
                                "id": "[variables('subnetRef')]"
                            }
                        }
                    }
                ]
            },
            "dependsOn": [
                "[concat('Microsoft.Network/publicIPAddresses/', variables('publicIPAddressName'))]",
                "[concat('Microsoft.Network/virtualNetworks/', variables('virtualNetworkName'))]"
            ]
        },
        {
            "type": "Microsoft.Network/publicIPAddresses",
            "name": "[variables('publicIPAddressName')]",
            "apiVersion": "2018-06-01",
            "location": "[parameters('location')]",
            "properties": {
                "publicIPAllocationMethod": "Dynamic",
                "dnsSettings": {
                    "domainNameLabel": "[variables('longNamingInfix')]"
                }
            }
        },
        {
            "type": "Microsoft.Compute/virtualMachines",
            "name": "[variables('jumpBoxName')]",
            "apiVersion": "2018-06-01",
            "location": "[parameters('location')]",
            "properties": {
                "hardwareProfile": {
                    "vmSize": "[parameters('vmSku')]"
                },
                "osProfile": {
                    "computerName": "[variables('jumpBoxName')]",
                    "adminUsername": "[parameters('adminUsername')]",
                    "adminPassword": "[parameters('adminPassword')]"
                },
                "storageProfile": {
                    "imageReference": "[variables('imageReference')]",
                    "osDisk": {
                        "name": "[concat(variables('jumpBoxOSDiskName'),'_OSDisk')]",
                        "caching": "ReadWrite",
                        "createOption": "FromImage"
                    }
                },
                "networkProfile": {
                    "networkInterfaces": [
                        {
                            "id": "[resourceId('Microsoft.Network/networkInterfaces',variables('jumpBoxNicName'))]"
                        }
                    ]
                },
                "diagnosticsProfile": {
                    "bootDiagnostics": {
                        "enabled": true,
                        "storageUri": "[concat('http://',variables('jumpBoxSAName'),'.blob.core.windows.net')]"
                    }
                }
            },
            "dependsOn": [
                "[concat('Microsoft.Storage/storageAccounts/', variables('jumpBoxSAName'))]",
                "[concat('Microsoft.Network/networkInterfaces/', variables('jumpBoxNicName'))]"
            ]
        },
        {
            "type": "Microsoft.Network/loadBalancers",
            "name": "[variables('loadBalancerName')]",
            "apiVersion": "2018-06-01",
            "location": "[parameters('location')]",
            "properties": {
                "frontendIPConfigurations": [
                    {
                        "name": "LoadBalancerFrontEnd",
                        "properties": {
                            "subnet": {
                                "id": "[variables('subnetRef')]"
                            }
                        }
                    }
                ],
                "backendAddressPools": [
                    {
                        "name": "[variables('bePoolName')]"
                    }
                ],
                "inboundNatPools": [
                    {
                        "name": "[variables('natPoolName')]",
                        "properties": {
                            "frontendIPConfiguration": {
                                "id": "[variables('frontEndIPConfigID')]"
                            },
                            "protocol": "Tcp",
                            "frontendPortRangeStart": "[variables('natStartPort')]",
                            "frontendPortRangeEnd": "[variables('natEndPort')]",
                            "backendPort": "[variables('natBackendPort')]"
                        }
                    }
                ]
            },
            "dependsOn": [
                "[concat('Microsoft.Network/virtualNetworks/', variables('virtualNetworkName'))]"
            ]
        },
        {
            "type": "Microsoft.Compute/virtualMachineScaleSets",
            "sku": {
                "name": "[parameters('vmSku')]",
                "tier": "Standard",
                "capacity": "[parameters('instanceCount')]"
            },
            "name": "[variables('namingInfix')]",
            "apiVersion": "2018-06-01",
            "location": "[parameters('location')]",
            "properties": {
                "overprovision": "true",
                "upgradePolicy": {
                    "mode": "Manual"
                },
                "virtualMachineProfile": {
                    "storageProfile": {
                        "osDisk": {
                            "createOption": "FromImage"
                        },
                        "imageReference": "[variables('imageReference')]"
                    },
                    "osProfile": {
                        "computerNamePrefix": "[variables('namingInfix')]",
                        "adminUsername": "[parameters('adminUsername')]",
                        "adminPassword": "[parameters('adminPassword')]"
                    },
                    "networkProfile": {
                        "networkInterfaceConfigurations": [
                            {
                                "name": "[variables('nicName')]",
                                "properties": {
                                    "primary": true,
                                    "ipConfigurations": [
                                        {
                                            "name": "[variables('ipConfigName')]",
                                            "properties": {
                                                "subnet": {
                                                    "id": "[concat('/subscriptions/', subscription().subscriptionId,'/resourceGroups/', resourceGroup().name, '/providers/Microsoft.Network/virtualNetworks/', variables('virtualNetworkName'), '/subnets/', variables('subnetName'))]"
                                                },
                                                "loadBalancerBackendAddressPools": [
                                                    {
                                                        "id": "[concat('/subscriptions/', subscription().subscriptionId,'/resourceGroups/', resourceGroup().name, '/providers/Microsoft.Network/loadBalancers/', variables('loadBalancerName'), '/backendAddressPools/', variables('bePoolName'))]"
                                                    }
                                                ],
                                                "loadBalancerInboundNatPools": [
                                                    {
                                                        "id": "[concat('/subscriptions/', subscription().subscriptionId,'/resourceGroups/', resourceGroup().name, '/providers/Microsoft.Network/loadBalancers/', variables('loadBalancerName'), '/inboundNatPools/', variables('natPoolName'))]"
                                                    }
                                                ]
                                            }
                                        }
                                    ]
                                }
                            }
                        ]
                    },
                    "extensionProfile": {
                        "extensions": [
                             {
                                 "type": "Microsoft.Compute/virtualMachines/extensions",
                                 "name": "[concat(parameters('vmssName'),'-LinuxCustomScriptExtension')]",
                                 "properties": {
                                 "publisher": "Microsoft.OSTCExtensions",
                                 "type": "CustomScriptForLinux",
                                 "typeHandlerVersion": "1.3",
                                 "autoUpgradeMinorVersion": true,
                                 "settings": {
                                     "commandToExecute": "./automate_nginx.sh",
                                     "fileUris": ["https://raw.githubusercontent.com/jgmitter/nginx-vmss/master/automate_nginx.sh"
                                     ]  
                                 }
                             }
                           }
                         ]
                       }
                     }
 },
            "dependsOn": [
                "[concat('Microsoft.Network/virtualNetworks/', variables('virtualNetworkName'))]",
                "[concat('Microsoft.Network/loadBalancers/', variables('loadBalancerName'))]"
            ]
        }
    ]
}
